time,open,high,low,close,volume
2026-01-01T00:00:00+00:00,1.08000,1.08076,1.07925,1.07994,329.6
2026-01-01T04:00:00+00:00,1.07994,1.08096,1.07936,1.08055,809.9
2026-01-01T08:00:00+00:00,1.08055,1.08058,1.07970,1.08045,489.5
2026-01-01T12:00:00+00:00,1.08045,1.08158,1.08005,1.08157,749.4
2026-01-01T16:00:00+00:00,1.08157,1.08260,1.08076,1.08175,127.5
2026-01-01T20:00:00+00:00,1.08175,1.08224,1.08073,1.08158,443.1
2026-01-02T00:00:00+00:00,1.08158,1.08214,1.08155,1.08176,299.5
2026-01-02T04:00:00+00:00,1.08176,1.08280,1.08155,1.08235,307.8
2026-01-02T08:00:00+00:00,1.08235,1.08297,1.08209,1.08256,119.3
2026-01-02T12:00:00+00:00,1.08256,1.08439,1.08198,1.08389,267.3
2026-01-02T16:00:00+00:00,1.08389,1.08627,1.08378,1.08550,399.4
2026-01-02T20:00:00+00:00,1.08550,1.08727,1.08466,1.08663,479.9
2026-01-03T00:00:00+00:00,1.08663,1.08856,1.08636,1.08796,628.8
2026-01-03T04:00:00+00:00,1.08796,1.09015,1.08751,1.08938,630.1
2026-01-03T08:00:00+00:00,1.08938,1.08960,1.08856,1.08928,472.9
2026-01-03T12:00:00+00:00,1.08928,1.08991,1.08865,1.08942,707.0
2026-01-03T16:00:00+00:00,1.08942,1.09031,1.08896,1.08992,800.6
2026-01-03T20:00:00+00:00,1.08992,1.09102,1.08948,1.09067,126.6
2026-01-04T00:00:00+00:00,1.09067,1.09130,1.08967,1.09055,633.9
2026-01-04T04:00:00+00:00,1.09055,1.09121,1.09010,1.09105,983.9
2026-01-04T08:00:00+00:00,1.09105,1.09271,1.09028,1.09222,309.0
2026-01-04T12:00:00+00:00,1.09222,1.09377,1.09170,1.09291,513.2
2026-01-04T16:00:00+00:00,1.09291,1.09364,1.09205,1.09315,105.1
2026-01-04T20:00:00+00:00,1.09315,1.09503,1.09235,1.09430,766.5
2026-01-05T00:00:00+00:00,1.09430,1.09594,1.09379,1.09547,483.5
2026-01-05T04:00:00+00:00,1.09547,1.09625,1.09476,1.09527,279.9
2026-01-05T08:00:00+00:00,1.09527,1.09631,1.09495,1.09587,411.5
2026-01-05T12:00:00+00:00,1.09587,1.09707,1.09532,1.09651,512.3
2026-01-05T16:00:00+00:00,1.09651,1.09671,1.09605,1.09621,626.0
2026-01-05T20:00:00+00:00,1.09621,1.09812,1.09549,1.09740,834.8
2026-01-06T00:00:00+00:00,1.09740,1.09824,1.09679,1.09748,174.9
2026-01-06T04:00:00+00:00,1.09748,1.09749,1.09644,1.09712,324.6
2026-01-06T08:00:00+00:00,1.09712,1.09768,1.09660,1.09691,162.6
2026-01-06T12:00:00+00:00,1.09691,1.09739,1.09664,1.09679,345.6
2026-01-06T16:00:00+00:00,1.09679,1.09806,1.09650,1.09765,526.4
2026-01-06T20:00:00+00:00,1.09765,1.09800,1.09688,1.09726,269.2
2026-01-07T00:00:00+00:00,1.09726,1.09807,1.09657,1.09703,288.2
2026-01-07T04:00:00+00:00,1.09703,1.09842,1.09701,1.09768,116.1
2026-01-07T08:00:00+00:00,1.09768,1.09833,1.09737,1.09751,734.1
2026-01-07T12:00:00+00:00,1.09751,1.09879,1.09731,1.09830,978.0
2026-01-07T16:00:00+00:00,1.09830,1.09977,1.09810,1.09931,683.7
2026-01-07T20:00:00+00:00,1.09931,1.10011,1.09902,1.09959,667.9
2026-01-08T00:00:00+00:00,1.09959,1.09986,1.09841,1.09928,888.0
2026-01-08T04:00:00+00:00,1.09928,1.10020,1.09900,1.09943,945.4
2026-01-08T08:00:00+00:00,1.09943,1.10075,1.09920,1.10037,107.6
2026-01-08T12:00:00+00:00,1.10037,1.10161,1.09963,1.10157,966.0
2026-01-08T16:00:00+00:00,1.10157,1.10238,1.10079,1.10223,976.4
2026-01-08T20:00:00+00:00,1.10223,1.10360,1.10189,1.10314,412.2
2026-01-09T00:00:00+00:00,1.10314,1.10378,1.10275,1.10318,274.7
2026-01-09T04:00:00+00:00,1.10318,1.10377,1.10278,1.10304,549.8
2026-01-09T08:00:00+00:00,1.10304,1.10411,1.10223,1.10332,116.3
2026-01-09T12:00:00+00:00,1.10332,1.10369,1.10243,1.10340,804.4
2026-01-09T16:00:00+00:00,1.10340,1.10393,1.10279,1.10374,853.9
2026-01-09T20:00:00+00:00,1.10374,1.10547,1.10294,1.10516,718.4
2026-01-10T00:00:00+00:00,1.10516,1.10668,1.10495,1.10579,752.9
2026-01-10T04:00:00+00:00,1.10579,1.10595,1.10490,1.10572,291.7
2026-01-10T08:00:00+00:00,1.10572,1.10742,1.10496,1.10688,431.3
2026-01-10T12:00:00+00:00,1.10688,1.10755,1.10609,1.10729,643.6
2026-01-10T16:00:00+00:00,1.10729,1.10962,1.10717,1.10882,596.1
2026-01-10T20:00:00+00:00,1.10882,1.10886,1.10875,1.10882,879.6
2026-01-11T00:00:00+00:00,1.10882,1.11082,1.10852,1.11007,653.7
2026-01-11T04:00:00+00:00,1.11007,1.11165,1.10956,1.11131,301.3
2026-01-11T08:00:00+00:00,1.11131,1.11155,1.11049,1.11129,608.0
2026-01-11T12:00:00+00:00,1.11129,1.11320,1.11104,1.11279,808.3
2026-01-11T16:00:00+00:00,1.11279,1.11413,1.11219,1.11411,182.5
2026-01-11T20:00:00+00:00,1.11411,1.11495,1.11408,1.11415,315.7
2026-01-12T00:00:00+00:00,1.11415,1.11613,1.11405,1.11575,250.6
2026-01-12T04:00:00+00:00,1.11575,1.11668,1.11566,1.11601,919.7
2026-01-12T08:00:00+00:00,1.11601,1.11737,1.11519,1.11649,364.6
2026-01-12T12:00:00+00:00,1.11649,1.11718,1.11640,1.11675,686.8
2026-01-12T16:00:00+00:00,1.11675,1.11676,1.11572,1.11660,366.0
2026-01-12T20:00:00+00:00,1.11660,1.11785,1.11632,1.11745,156.7
2026-01-13T00:00:00+00:00,1.11745,1.11972,1.11657,1.11885,200.2
2026-01-13T04:00:00+00:00,1.11885,1.11953,1.11797,1.11897,588.6
2026-01-13T08:00:00+00:00,1.11897,1.12053,1.11874,1.11994,587.4
2026-01-13T12:00:00+00:00,1.11994,1.12042,1.11986,1.12020,352.7
2026-01-13T16:00:00+00:00,1.12020,1.12206,1.11961,1.12166,679.1
2026-01-13T20:00:00+00:00,1.12166,1.12337,1.12138,1.12302,394.5
2026-01-14T00:00:00+00:00,1.12302,1.12401,1.12222,1.12325,372.5
2026-01-14T04:00:00+00:00,1.12325,1.12398,1.12273,1.12349,636.4
2026-01-14T08:00:00+00:00,1.12349,1.12358,1.12327,1.12356,165.1
2026-01-14T12:00:00+00:00,1.12356,1.12423,1.12349,1.12417,671.8
2026-01-14T16:00:00+00:00,1.12417,1.12500,1.12372,1.12429,876.4
2026-01-14T20:00:00+00:00,1.12429,1.12474,1.12344,1.12416,169.4
2026-01-15T00:00:00+00:00,1.12416,1.12560,1.12346,1.12545,986.4
2026-01-15T04:00:00+00:00,1.12545,1.12679,1.12535,1.12650,562.9
2026-01-15T08:00:00+00:00,1.12650,1.12799,1.12570,1.12772,227.5
2026-01-15T12:00:00+00:00,1.12772,1.12896,1.12744,1.12893,912.8
2026-01-15T16:00:00+00:00,1.12893,1.13076,1.12817,1.12994,771.6
2026-01-15T20:00:00+00:00,1.12994,1.13091,1.12955,1.13075,242.1
2026-01-16T00:00:00+00:00,1.13075,1.13221,1.13052,1.13161,158.0
2026-01-16T04:00:00+00:00,1.13161,1.13364,1.13111,1.13291,587.2
2026-01-16T08:00:00+00:00,1.13291,1.13444,1.13256,1.13403,404.8
2026-01-16T12:00:00+00:00,1.13403,1.13411,1.13345,1.13408,475.0
2026-01-16T16:00:00+00:00,1.13408,1.13477,1.13376,1.13471,224.5
2026-01-16T20:00:00+00:00,1.13471,1.13495,1.13380,1.13455,458.0
2026-01-17T00:00:00+00:00,1.13455,1.13545,1.13434,1.13490,106.7
2026-01-17T04:00:00+00:00,1.13490,1.13595,1.13432,1.13549,494.5
2026-01-17T08:00:00+00:00,1.13549,1.13705,1.13528,1.13639,545.6
2026-01-17T12:00:00+00:00,1.13639,1.13713,1.13602,1.13692,604.4
2026-01-17T16:00:00+00:00,1.13692,1.13907,1.13668,1.13825,681.8
2026-01-17T20:00:00+00:00,1.13825,1.13831,1.13758,1.13804,889.7
2026-01-18T00:00:00+00:00,1.13804,1.13874,1.13725,1.13805,380.6
2026-01-18T04:00:00+00:00,1.13805,1.13981,1.13772,1.13904,731.2
2026-01-18T08:00:00+00:00,1.13904,1.14066,1.13827,1.14012,906.9
2026-01-18T12:00:00+00:00,1.14012,1.14214,1.13997,1.14162,325.5
2026-01-18T16:00:00+00:00,1.14162,1.14231,1.14094,1.14180,146.9
2026-01-18T20:00:00+00:00,1.14180,1.14347,1.14149,1.14283,563.6
2026-01-19T00:00:00+00:00,1.14283,1.14359,1.14279,1.14293,983.1
2026-01-19T04:00:00+00:00,1.14293,1.14477,1.14269,1.14420,921.6
2026-01-19T08:00:00+00:00,1.14420,1.14588,1.14350,1.14575,857.7
2026-01-19T12:00:00+00:00,1.14575,1.14740,1.14535,1.14677,931.9
2026-01-19T16:00:00+00:00,1.14677,1.14870,1.14605,1.14835,489.6
2026-01-19T20:00:00+00:00,1.14835,1.14878,1.14824,1.14849,918.0
2026-01-20T00:00:00+00:00,1.14849,1.15015,1.14795,1.15005,467.4
2026-01-20T04:00:00+00:00,1.15005,1.15036,1.14982,1.15009,774.6
2026-01-20T08:00:00+00:00,1.15009,1.15026,1.14953,1.14992,118.9
2026-01-20T12:00:00+00:00,1.14992,1.15142,1.14917,1.15087,285.9
2026-01-20T16:00:00+00:00,1.15087,1.15168,1.15063,1.15120,627.2
2026-01-20T20:00:00+00:00,1.15120,1.15206,1.15048,1.15145,827.8
2026-01-21T00:00:00+00:00,1.15145,1.15348,1.15101,1.15299,870.1
2026-01-21T04:00:00+00:00,1.15299,1.15466,1.15264,1.15415,355.6
2026-01-21T08:00:00+00:00,1.15415,1.15487,1.15399,1.15410,772.5
2026-01-21T12:00:00+00:00,1.15410,1.15569,1.15342,1.15483,976.2
2026-01-21T16:00:00+00:00,1.15483,1.15528,1.15428,1.15480,380.1
2026-01-21T20:00:00+00:00,1.15480,1.15574,1.15432,1.15542,100.8
2026-01-22T00:00:00+00:00,1.15542,1.15631,1.15514,1.15591,459.5
2026-01-22T04:00:00+00:00,1.15591,1.15761,1.15546,1.15699,682.9
2026-01-22T08:00:00+00:00,1.15699,1.15752,1.15699,1.15734,349.9
2026-01-22T12:00:00+00:00,1.15734,1.15885,1.15659,1.15806,559.9
2026-01-22T16:00:00+00:00,1.15806,1.15988,1.15731,1.15946,468.1
2026-01-22T20:00:00+00:00,1.15946,1.16131,1.15919,1.16042,253.3
2026-01-23T00:00:00+00:00,1.16042,1.16162,1.16010,1.16114,103.2
2026-01-23T04:00:00+00:00,1.16114,1.16182,1.16078,1.16143,875.1
2026-01-23T08:00:00+00:00,1.16143,1.16273,1.16063,1.16207,773.9
2026-01-23T12:00:00+00:00,1.16207,1.16320,1.16149,1.16253,683.9
2026-01-23T16:00:00+00:00,1.16253,1.16360,1.16197,1.16324,670.4
2026-01-23T20:00:00+00:00,1.16324,1.16519,1.16247,1.16449,790.7
2026-01-24T00:00:00+00:00,1.16449,1.16607,1.16417,1.16552,338.1
2026-01-24T04:00:00+00:00,1.16552,1.16715,1.16503,1.16636,236.9
2026-01-24T08:00:00+00:00,1.16636,1.16787,1.16594,1.16743,140.8
2026-01-24T12:00:00+00:00,1.16743,1.16859,1.16705,1.16792,419.7
2026-01-24T16:00:00+00:00,1.16792,1.16870,1.16746,1.16868,951.5
2026-01-24T20:00:00+00:00,1.16868,1.16988,1.16806,1.16951,644.5
2026-01-25T00:00:00+00:00,1.16951,1.16970,1.16869,1.16949,342.2
2026-01-25T04:00:00+00:00,1.16949,1.17024,1.16876,1.16923,431.4
2026-01-25T08:00:00+00:00,1.16923,1.17044,1.16908,1.16978,687.8
2026-01-25T12:00:00+00:00,1.16978,1.17143,1.16954,1.17070,648.7
2026-01-25T16:00:00+00:00,1.17070,1.17128,1.17055,1.17077,810.8
2026-01-25T20:00:00+00:00,1.17077,1.17230,1.17057,1.17200,967.4
2026-01-26T00:00:00+00:00,1.17200,1.17372,1.17198,1.17296,909.5
2026-01-26T04:00:00+00:00,1.17296,1.17407,1.17257,1.17379,785.4
2026-01-26T08:00:00+00:00,1.17379,1.17509,1.17322,1.17492,249.1
2026-01-26T12:00:00+00:00,1.17492,1.17681,1.17410,1.17641,755.4
2026-01-26T16:00:00+00:00,1.17641,1.17749,1.17593,1.17725,224.8
2026-01-26T20:00:00+00:00,1.17725,1.17791,1.17693,1.17727,776.2
2026-01-27T00:00:00+00:00,1.17727,1.17813,1.17662,1.17748,374.9
2026-01-27T04:00:00+00:00,1.17748,1.17784,1.17703,1.17747,190.0
2026-01-27T08:00:00+00:00,1.17747,1.17766,1.17693,1.17761,900.0
2026-01-27T12:00:00+00:00,1.17761,1.17785,1.17698,1.17782,833.4
2026-01-27T16:00:00+00:00,1.17782,1.17993,1.17751,1.17937,854.1
2026-01-27T20:00:00+00:00,1.17937,1.18004,1.17929,1.17942,459.7
2026-01-28T00:00:00+00:00,1.17942,1.18048,1.17926,1.18014,308.5
2026-01-28T04:00:00+00:00,1.18014,1.18187,1.17962,1.18145,290.7
2026-01-28T08:00:00+00:00,1.18145,1.18287,1.18092,1.18257,918.5
2026-01-28T12:00:00+00:00,1.18257,1.18424,1.18186,1.18419,871.8
2026-01-28T16:00:00+00:00,1.18419,1.18494,1.18367,1.18460,927.0
2026-01-28T20:00:00+00:00,1.18460,1.18593,1.18392,1.18514,237.0
2026-01-29T00:00:00+00:00,1.18514,1.18661,1.18501,1.18660,698.3
2026-01-29T04:00:00+00:00,1.18660,1.18694,1.18639,1.18650,516.6
2026-01-29T08:00:00+00:00,1.18650,1.18862,1.18647,1.18781,154.8
2026-01-29T12:00:00+00:00,1.18781,1.18913,1.18756,1.18910,205.7
2026-01-29T16:00:00+00:00,1.18910,1.18912,1.18845,1.18902,770.2
2026-01-29T20:00:00+00:00,1.18902,1.19077,1.18843,1.19001,450.7
2026-01-30T00:00:00+00:00,1.19001,1.19175,1.18943,1.19088,318.8
2026-01-30T04:00:00+00:00,1.19088,1.19172,1.19017,1.19070,414.7
2026-01-30T08:00:00+00:00,1.19070,1.19199,1.19023,1.19149,154.7
2026-01-30T12:00:00+00:00,1.19149,1.19218,1.19131,1.19181,892.1
2026-01-30T16:00:00+00:00,1.19181,1.19283,1.19116,1.19224,769.0
2026-01-30T20:00:00+00:00,1.19224,1.19386,1.19201,1.19318,978.8
2026-01-31T00:00:00+00:00,1.19318,1.19401,1.19232,1.19309,866.9
2026-01-31T04:00:00+00:00,1.19309,1.19317,1.19207,1.19280,522.3
2026-01-31T08:00:00+00:00,1.19280,1.19396,1.19277,1.19308,578.3
2026-01-31T12:00:00+00:00,1.19308,1.19359,1.19272,1.19347,736.9
2026-01-31T16:00:00+00:00,1.19347,1.19467,1.19300,1.19465,181.3
2026-01-31T20:00:00+00:00,1.19465,1.19574,1.19461,1.19566,445.8
2026-02-01T00:00:00+00:00,1.19566,1.19684,1.19555,1.19655,815.1
2026-02-01T04:00:00+00:00,1.19655,1.19834,1.19628,1.19757,482.3
2026-02-01T08:00:00+00:00,1.19757,1.19808,1.19728,1.19758,404.8
2026-02-01T12:00:00+00:00,1.19758,1.19942,1.19706,1.19856,194.2
2026-02-01T16:00:00+00:00,1.19856,1.19970,1.19767,1.19930,747.4
2026-02-01T20:00:00+00:00,1.19930,1.20100,1.19882,1.20037,907.1
2026-02-02T00:00:00+00:00,1.20037,1.20171,1.20023,1.20145,433.3
2026-02-02T04:00:00+00:00,1.20145,1.20206,1.20114,1.20197,617.4
2026-02-02T08:00:00+00:00,1.20197,1.20270,1.20106,1.20165,382.3
2026-02-02T12:00:00+00:00,1.20165,1.20211,1.20135,1.20179,773.7
2026-02-02T16:00:00+00:00,1.20179,1.20279,1.20166,1.20231,923.0
2026-02-02T20:00:00+00:00,1.20231,1.20283,1.20225,1.20253,981.5
2026-02-03T00:00:00+00:00,1.20253,1.20387,1.20170,1.20305,972.8
2026-02-03T04:00:00+00:00,1.20305,1.20501,1.20222,1.20418,821.2
2026-02-03T08:00:00+00:00,1.20418,1.20465,1.20359,1.20410,993.2
2026-02-03T12:00:00+00:00,1.20410,1.20585,1.20343,1.20521,425.4
2026-02-03T16:00:00+00:00,1.20521,1.20720,1.20485,1.20663,518.1
2026-02-03T20:00:00+00:00,1.20663,1.20860,1.20647,1.20812,233.5
2026-02-04T00:00:00+00:00,1.20812,1.20961,1.20731,1.20911,266.1
2026-02-04T04:00:00+00:00,1.20911,1.21027,1.20906,1.20961,189.3
2026-02-04T08:00:00+00:00,1.20961,1.21061,1.20951,1.21037,335.5
2026-02-04T12:00:00+00:00,1.21037,1.21177,1.21030,1.21130,165.5
2026-02-04T16:00:00+00:00,1.21130,1.21321,1.21114,1.21263,875.7
2026-02-04T20:00:00+00:00,1.21263,1.21297,1.21172,1.21249,739.3
2026-02-05T00:00:00+00:00,1.21249,1.21362,1.21195,1.21282,878.9
2026-02-05T04:00:00+00:00,1.21282,1.21464,1.21221,1.21425,590.0
2026-02-05T08:00:00+00:00,1.21425,1.21650,1.21360,1.21579,832.6
2026-02-05T12:00:00+00:00,1.21579,1.21765,1.21560,1.21742,772.1
2026-02-05T16:00:00+00:00,1.21742,1.21910,1.21698,1.21864,463.4
2026-02-05T20:00:00+00:00,1.21864,1.22078,1.21811,1.22006,136.1
2026-02-06T00:00:00+00:00,1.22006,1.22183,1.21989,1.22142,369.4
2026-02-06T04:00:00+00:00,1.22142,1.22249,1.22131,1.22249,372.4
2026-02-06T08:00:00+00:00,1.22249,1.22457,1.22162,1.22390,588.7
2026-02-06T12:00:00+00:00,1.22390,1.22523,1.22343,1.22474,587.8
